物理;ぶつり;physics。 natural law
怒り;いかり;anger or rage
管;かん;pipe or tube
兵士;へいし;soldier
爆発;ばくはつ;explosion or eruption
爆弾;ばくだん;bomb
起こす;おこす;bring about or cause
暴れる;あばれる;act violently or rage about 
暴落;ぼうらく;slump or crash
説く;とく;explain or preach
暴力;ぼうりょく;violence or force
乱暴;らんぼう;violence
悲しみ;かなしみ;grief or sadness
改良;かいりょう;improvement or reform
争い;あらそい;conflict or battle
絶対;ぜったい;absolutely
気絶;きぜつ;fainting
絶えず;たえず;constantly or always
笑い;わらい;laughter
肉体;にくたい;body or flesh
滅びる;ほろびる;go to ruin or fall
設置;せっち;establishment
核;かく;core or atomic nucleus
防衛;ぼうえい;defense or protection
防止;ぼうし;prevention or determent
防火;ぼうか;fire prevention or fireproof
天災;てんさい;natural disaster
妨害;ぼうがい;hindrance or obstruction
嫌う;きらう;dislike
嫌がる;いやがる;dislike or hate
機嫌;きげん;mood or health
好き嫌い;すききらい;likes and dislikes or taste
徹夜;てつや;staying up all night
生物;せいぶつ;living creature or lifeform
徹底的;てっていてき;thorough or exhaustive
到底;とうてい;after all or in the long run
抗議;こうぎ;protest or remonstrance
抵抗;ていこう;resistance or opposition
グリーン;グリーン;green
素敵;すてき;lovely or nice
男性;だんせい;male or man
デザイン;デザイン;design
破る;やぶる;defeat
ドレス;ドレス;dress
横顔;よこがお;profile or face seen from side
敵;てき;enemy or foe
脅かす;おどかす;threaten or intimidate
権威;けんい;authority or power
威張る;いばる;put on airs or be arrogant
情勢;じょうせい;state of things or situation
勢い;いきおい;vigor or momentum
方々;かたがた;people
見物人;けんぶつにん;spectator or sightseer
態勢;たいせい;state or preparedness
映す;うつす;reflect or project
書道;しょどう;Japanese calligraphy
受け身;うけみ;passiveness or passive voice
現す;あらわす;show or reveal
常に;つねに;always or at all times
死;し;death
恐れる;おそれる;fear or apprehend
恐らく;おそらく;probably
顔付き;かおつき;face or expression
怖がる;こわがる;be afraid of or fear
巨大;きょだい;huge or gigantic
拒否;きょひ;denial or rejection
系列;けいれつ;affiliation
系統;けいとう;system or lineage
体系;たいけい;system or organization
理系;りけい;science
文系;ぶんけい;liberal arts or humanities
子孫;しそん;descendant or offspring
絹;きぬ;silk or silk fabrics
綿;めん;cotton
維持;いじ;maintenance or upkeep
紳士;しんし;gentleman
繁栄;はんえい;prosperity or thriving
偉大;いだい;great or mighty
発明;はつめい;invention
日韓;にっかん;Japan and Korea
刀;かたな;sword or blade
かみそり;かみそり;razor
耐える;たえる;withstand or endure
矢印;やじるし;arrow
孤独;こどく;solitary or lonely
爪切り;つめきり;nail clipper
ざらざら;ざらざら;rough or gritty
散らばる;ちらばる;be scattered
枠;わく;frame or limits
水平;すいへい;horizontal or level
振動;しんどう;vibration
端;はし;end or edge
固定;こてい;fixing or stability
先端;せんたん;edge or vanguard
棒;ぼう;rod or stick
細長い;ほそながい;long and thin or slender
事柄;ことがら;matter or affair
柄;がら;pattern or design
人柄;ひとがら;character or personality
武士;ぶし;samurai or warrior
重み;おもみ;weight or importance
枝;えだ;branch or twig
草木;くさき;plants and trees
木枯らし;こがらし;cold wintry wind
詩;し;poetry
詩人;しじん;poet
着替え;きがえ;change of clothes
パイプ;パイプ;pipe
詰める;つめる;stuff or fill
詰まる;つまる;be stuffed or be stopped up
無理やり;むりやり;by force or against one's will
譲る;ゆずる;transfer or concede
年配;ねんぱい;age or elderly age
欠く;かく;lack
誠実;せいじつ;sincerity or honesty
誠に;まことに;truly or very
盛ん;さかん;prosperous or active
登場;とうじょう;appearance on stage or appearance
盛り上げる;もりあげる;build up excitement
地方;ちほう;district or region
盛り上がる;もりあがる;become lively or get fired up
盛る;もる;heap up or fill
謙遜;けんそん;humility or modesty
兼ねる;かねる;serve two functions or combine
公式;こうしき;formal or official
通す;とおす;let pass or run through
針;はり;needle or needle-shaped object
ペンチ;ペンチ;pliers
確かめる;たしかめる;make sure of or confirm
名人;めいじん;master or master hand
釣り;つり;angling
逃がす;にがす;let go
釣り合い;つりあい;balance or proportion
釣り合う;つりあう;balance or match
鈍い;にぶい;dull or sluggish
鈍感;どんかん;thick-headedness
鎖;くさり;chain or tether
申す;もうす;speak humbly or state humbly
作製;さくせい;manufacture or production
鑑賞;かんしょう;viewing or enjoyment (of art)
印鑑;いんかん;personal seal
鐘;かね;bell or gong
観賞;かんしょう;ornamental
アルミニウム;アルミニウム;aluminum
鉄;てつ;iron
出前;でまえ;home delivery of food
谷;たに;valley or ravine
余裕;よゆう;room or leeway
海水浴;かいすいよく;sea bathing
入浴;にゅうよく;bathing
赤道;せきどう;equator
沿う;そう;lie along or follow along
砂浜;すなはま;sandy beach or sands
浜;はま;beach or seashore
はだし;はだし;barefoot or bare feet
浮かぶ;うかぶ;float
沖;おき;offshore
湾;わん;bay or gulf
泉;いずみ;spring or fountain
温泉;おんせん;hot spring
天然;てんねん;nature
上流;じょうりゅう;upstream
下流;かりゅう;downstream
広場;ひろば;square or open space
慣らす;ならす;accustom
潜る;もぐる;dive into
冷淡;れいたん;cool or indifferent
濁る;にごる;get cloudy
澄む;すむ;clear or become clear
あふれる;あふれる;over flow or flood
ポット;ポット;pot or thermos
湯気;ゆげ;steam or vapor
喜び;よろこび;joy or happiness
湿る;しめる;get damp or get wet
多量;たりょう;large quantity or great deal
漏れる;もれる;leak or be disclosed
漏らす;もらす;give away or let leak
底;そこ;bottom or depths
大部分;だいぶぶん;most or greater part
濡らす;ぬらす;wet or moisten
溝;みぞ;ditch or groove
ねぎ;ねぎ;Welsh onion or green onion
危機;きき;crisis or emergency
叫び;さけび;shout or cry
叫ぶ;さけぶ;shout or cry out
吐く;はく;holler or spew
嘆く;なげく;sigh or grieve
喫煙;きつえん;smoking
痛む;いたむ;feel pain or hurt
音;ね;sound or note
予防;よぼう;prevention or protection
虫歯;むしば;decayed tooth or cavity
虫;むし;insect or worm
忠実;ちゅうじつ;faithfulness or devotion
忠告;ちゅうこく;advice or admonishment
いけない;いけない;wrong or must not
懸ける;かける;stake
一まず;ひとまず;first of all
恩;おん;debt of gratitude or kindness
恵まれる;めぐまれる;be blessed or be privileged
天;てん;sky or Heaven
道徳;どうとく;morality or morals
知り合い;しりあい;acquaintance
市街;しがい;the streets or downtown
問屋;とんや;wholesale store or wholesaler
直径;ちょっけい;diameter
半径;はんけい;radius
和室;わしつ;Japanese style room
漏る;もる;leak or be leaky
丼;どんぶり;bowl
小量;しょうりょう;small amount
転がす;ころがす;roll or roll over
粉;こな;powder or flour
粒;つぶ;grain or drop
小麦;こむぎ;wheat
小麦粉;こむぎこ;flour
大麦;おおむぎ;barley
量る;はかる;measure or weigh
一帯;いったい;area or vicinity
取れる;とれる;be harvested or be cultivated
麦;むぎ;wheat
田畑;たはた;fields and rice paddies
炊事;すいじ;cooking
灯油;とうゆ;kerosene or lamp oil
電灯;でんとう;lamp or electric light
炎;ほのお;flame or blaze
スモッグ;スモッグ;smog
暦;こよみ;calendar or almanac
年月日;ねんがっぴ;date
皮;かわ;peel or fur
皮肉;ひにく;cynicism or irony
むける;むける;come off or peel
むく;むく;peel or pare
皮膚;ひふ;skin
毛皮;けがわ;fur
税関;ぜいかん;custom house or customs
毛糸;けいと;woolen yarn or wool
ブラシ;ブラシ;brush
尾;お;tail
結ぶ;むすぶ;tie or join
乱れる;みだれる;be disordered or be disturbed
そっと;そっと;softly or gently
ピン;ピン;hairpin or pin
染める;そめる;dye or color
いきなり;いきなり;all of a sudden or without warning
張る;はる;strain or be stretched
もむ;もむ;rub or massage
耳鼻科;じびか;otorhinology or ENT
唇;くちびる;lip or lips
臭い;におい;smell or odor
生臭い;なまぐさい;smelling of fish
臭う;におう;stink (unpleasant)
面倒臭い;めんどうくさい;troublesome or tiresome
匂う;におう;smell (pleasant)
ベスト;ベスト;best
解釈;かいしゃく;interpretation or explanation
居間;いま;living room
居る;おる;be present or stay (humble)
間;かん;interval or duration of time
まあ;まあ;well
同居;どうきょ;living together
土;つち;soil or ground
寄せる;よせる;draw near or draw up or gather
一層;いっそう;more or even more
高層;こうそう;high altitude or high-rise
そびえる;そびえる;tower
大層;たいそう;very or highly
履歴;りれき;history or personal history
履歴書;りれきしょ;resume or bio
覆う;おおう;cover or hide
戸籍;こせき;family register
ガラス戸;がらすど;glass door
成年;せいねん;majority or adult
薬品;やくひん;medicine or drug
戸棚;とだな;closet or cupboard
扉;とびら;door
うちわ;うちわ;round paper fan
羽根;はね;feather
翌日;よくじつ;the following day
翌朝;よくあさ;the following morning
翌年;よくねん;the following year
陸;おか;land or shore
新鮮;しんせん;fresh
市場;いちば;market or marketplace
鮮やか;あざやか;vivid
あり;あり;ant
群集;ぐんしゅう;crowd
群れ;むれ;crowd or herd
郡;ぐん;county
スケジュール;スケジュール;schedule
君;きみ;you
連れる;つれる;take along or bring along
任せる;まかせる;entrust to or leave it to
長所;ちょうしょ;strong point or merit
殴る;なぐる;hit or strike
要旨;ようし;gist or overview
脂;あぶら;fat or grease
脂肪;しぼう;fat or grease
すべすべ;すべすべ;smooth
肌;はだ;skin or surface
肌着;はだぎ;underwear
肌色;はだいろ;flesh color
コック;コック;cook or chef
領域;りょういき;territory or domain
胃腸;いちょう;stomach and intestines
腸;ちょう;intestines or entrails
肝心;かんじん;vital or essential
大胆;だいたん;boldness or daring
幕;まく;curtain
暮らす;くらす;live or earn one's livelihood
暮らし;くらし;living or livelihood
暮れ;くれ;dusk or the end (of a season or a year)
暮れる;くれる;grow dark
温暖;おんだん;warm or mild
お歳暮;おせいぼ;year-end gift
ぜいたく;ぜいたく;luxury or extravagance
わずか;わずか;few or little
不自由;ふじゆう;inconvenience or discomfort
調和;ちょうわ;harmony or agreement
望み;のぞみ;desire or hope
夕暮れ;ゆうぐれ;evening or twilight
仲良く;なかよく;harmoniously or amicably
王;おう;king
墓地;ぼち;graveyard or cemetery
墓参り;はかまいり;visit to a grave
芝生;しばふ;lawn or turf
芽;め;bud or sprout
茎;くき;stem
順々に;じゅんじゅんに;by turns or in order
つまむ;つまむ;munch on
推薦;すいせん;recommendation or nomination
沿岸;えんがん;coast or shore
荒れる;あれる;be wild or run waste
荒い;あらい;wild or reckless
荒い;あらい;harsh or rough
荒す;あらす;damage or ransack
慌ただしい;あわただしい;busy
慌てる;あわてる;be flurried or hurry
葬式;そうしき;funeral ceremony
儀式;ぎしき;ceremony or ritual
行儀;ぎょうぎ;manners or behavior
礼儀;れいぎ;good manners or courtesy
犠牲;ぎせい;sacrifice
悪;あく;evil or badness
憎む;にくむ;hate or detest
憎しみ;にくしみ;hatred or enmity
憎らしい;にくらしい;hateful or horrible
憎い;にくい;hateful or abominable
仏;ほとけ;buddha or Buddhist image
仏教;ぶっきょう;Buddhism
日;にち;Japan
お坊さん;おぼうさん;monk or priest
鳴らす;ならす;ring or sound
題名;だいめい;title
坊さん;ぼうさん;Buddhist priest
乗り遅れる;のりおくれる;miss
ホット;ホット;hot
国旗;こっき;national flag
日の丸;ひのまる;Rising Sun Flag or Japanese flag
筆者;ひっしゃ;writer
筆記試験;ひっきしけん;written examination
とがる;とがる;be sharp
筆記用具;ひっきようぐ;writing materials or pens and pencils
筆;ふで;writing brush or penmanship
竹;たけ;bamboo
笛;ふえ;flute or whistle
名簿;めいぼ;registry or name list
全身;ぜんしん;the whole body
筋肉;きんにく;muscle or sinews
筋道;すじみち;method or logic
筋;すじ;muscle
伸ばす;のばす;stretch or straighten
光;ひかり;light or flash
ぎっしり;ぎっしり;tightly
小;しょう;smallness or small size
食料;しょくりょう;food supplies
ふた;ふた;lid or cover
水色;みずいろ;sky blue or turquoise
透明;とうめい;transparent
座布団;ざぶとん;cushion
まし;まし;more or better
すり;すり;pickpocket
落とし物;おとしもの;lost property
突っ込む;つっこむ;thrust in or dash into
たった;たった;only or merely
ふわふわ;ふわふわ;soft
取り出す;とりだす;take out or pull out
布;ぬの;cloth
自己;じこ;oneself or self
切れ;きれ;sharpness
包丁;ほうちょう;kitchen knife or carving knife
包み;つつみ;package or parcel
包み紙;つつみがみ;wrapping paper
抱える;かかえる;hold in one's arms
抱く;いだく;embrace or hug
悩み;なやみ;troubles or worries
少量;しょうりょう;small quantity
句;く;phrase or clause
慣用句;かんようく;idiom or common phrase
文句;もんく;complaint
下旬;げじゅん;end of the month
上旬;じょうじゅん;beginning of the month
中旬;ちゅうじゅん;middle ten days of a month
飽きる;あきる;be fed up
額;がく;picture frame
飾り;かざり;ornament or decoration
餌;えさ;bait or feed
平凡;へいぼん;common or ordinary
通帳;つうちょう;bankbook or passbook
旧;きゅう;old or former
育児;いくじ;childcare or child-raising
小児科;しょうにか;pediatrics
妊娠;にんしん;pregnancy or conception
姓名;せいめい;full name
姓;せい;surname or family name
同姓;どうせい;same surname
嫁;よめ;bride or daughter-in-law
花嫁;はなよめ;bride
花婿;はなむこ;bridegroom
品切れ;しなぎれ;run out or sell out
親類;しんるい;relatives or kin
幼い;おさない;young or childish
幼児;ようじ;young child or infant
がさがさ;がさがさ;rustle
着ける;つける;pull up or park (a vehicle)
眼科;がんか;ophthalmology
近眼;きんがん;nearsightedness or shortsightedness
レンズ;レンズ;lens
快い;こころよい;pleasant or agreeable
すっきり;すっきり;refreshed
すやすや;すやすや;peaceful and content
居眠り;いねむり;doze or nap
単に;たんに;merely or simply
催す;もよおす;feel or experience
膨れる;ふくれる;expand or fill up
乗り越す;のりこす;ride past
眠たい;ねむたい;sleepy
眠り;ねむり;sleep or slumber
まぶた;まぶた;eyelid
眺め;ながめ;view or prospect
一瞬;いっしゅん;instant or moment
睡眠;すいみん;sleep or slumber
垂直;すいちょく;vertical or perpendicular
同封;どうふう;enclosure
封;ふう;seal or sealing
圧力;あつりょく;pressure
回転;かいてん;revolution or rotation
カバー;カバー;cover or covering
心掛ける;こころがける;bear in mind or try
腰掛ける;こしかける;sit down
男らしい;おとこらしい;manly or masculine
寒暖計;かんだんけい;thermometer
腰掛け;こしかけ;stool or seat
じゃんじゃん;じゃんじゃん;many times or repeatedly
呼び掛ける;よびかける;call to or appeal to
引っ掛かる;ひっかかる;be caught or be trapped
話し掛ける;はなしかける;address someone or speak to someone
通り掛かる;とおりかかる;happen to pass by
引っ掛ける;ひっかける;hook on
寄り掛かる;よりかかる;lean against something
措置;そち;measure or step
拝む;おがむ;bow in veneration or worship
拝見;はいけん;humbly look at or see
控える;ひかえる;hold back or show moderation
控え室;ひかえしつ;waiting room
コンセント;コンセント;outlet or wall socket
当番;とうばん;being on duty or person on duty
見違える;みちがえる;mistake or fail to recognize
ほうき;ほうき;broom
差し出す;さしだす;submit or stretch out
少女;しょうじょ;girl
上;じょう;upper or best
弱み;よわみ;weakness or shortcoming
握り締める;にぎりしめる;squeeze or grip
両手;りょうて;both hands
設備;せつび;equipment or facilities
各種;かくしゅ;each kind or various
揃う;そろう;be (all) together
道具;どうぐ;tool
括弧;かっこ;parentheses or brackets
マーケット;マーケット;market
オーケストラ;オーケストラ;orchestra or orchestral music
指揮;しき;command or initiative
輝く;かがやく;shine brilliantly or glitter
抑える;おさえる;suppress or bring under control
欲求;よっきゅう;want or desire
信仰;しんこう;faith or religious belief
定年;ていねん;mandatory retirement age
出迎え;でむかえ;meeting or receiving
保育園;ほいくえん;day-care center or nursery school
迎え;むかえ;greeting or meeting
遂げる;とげる;accomplish or achieve
目覚ましい;めざましい;striking or marvelous
巡る;めぐる;go round or circulate
偶然;ぐうぜん;chance or accident
偶数;ぐうすう;even number
隅;すみ;nook or corner
城;しろ;castle or fort
栽培;さいばい;cultivation or raising
警戒;けいかい;vigilance or precaution
挙げる;あげる;cite or give (an example)
幾ら;いくら;no matter how much
伺う;うかがう;politely ask
俳句;はいく;haiku
俳優;はいゆう;actor or actress
動作;どうさ;movements or actions
敏感;びんかん;sensitive
後悔;こうかい;regret
悔しい;くやしい;vexing or frustrating
今更;いまさら;now or too late
倣う;ならう;copy or follow an example
俺;おれ;I or me
ロック;ロック;rock (music)
反感;はんかん;ill feeling or antipathy
振り向く;ふりむく;turn around or look back
性格;せいかく;character or personality
一部分;いちぶぶん;part or portion
肯定;こうてい;affirmation
空っぽ;からっぽ;empty
オルガン;オルガン;organ or pipe organ
辛い;からい;strict or severe
書き取り;かきとり;dictation
本気;ほんき;seriousness or earnestness
つかむ;つかむ;grip or grab
相撲;すもう;sumo wrestling
入門;にゅうもん;initiation
不平;ふへい;discontent or dissatisfaction
寮;りょう;dormitory or lodging house
偏る;かたよる;be one-sided or deviate
偏見;へんけん;prejudice or biased view
一遍に;いっぺんに;all at once
何遍;なんべん;how many times
程;ほど;extent or limit
掘る;ほる;dig or unearth
宗教;しゅうきょう;religion
宣伝;せんでん;publicity or advertisement
審議;しんぎ;deliberation or consideration
憲法;けんぽう;constitution or constitutional law
扱う;あつかう;handle or deal with
展覧会;てんらんかい;exhibition
資産;しさん;property or assets
非難;ひなん;criticism or blame
総理大臣;そうりだいじん;prime minister
大臣;だいじん;minister
休業;きゅうぎょう;suspension of business or closure
臨む;のぞむ;be present at
臨時;りんじ;temporary or provisional
改造;かいぞう;remodeling or reorganization
内閣;ないかく;cabinet
闘う;たたかう;fight
派閥;はばつ;clique or faction
分裂;ぶんれつ;division or split
衰える;おとろえる;weaken or decline
振り返る;ふりかえる;turn one's head or turn round
懐かしい;なつかしい;longed-for or old
惜しむ;おしむ;grudge or regret
惜しい;おしい;almost or close
火山;かざん;volcano
噴火;ふんか;eruption or volcanic activity
噴水;ふんすい;jet or fountain
恨み;うらみ;grudge or hatred
恨む;うらむ;hold a grudge or feel resentment
不愉快;ふゆかい;unpleasant or disagreeable
愉快;ゆかい;pleasant or delightful
覚悟;かくご;readiness or resolution
追う;おう;chase or pursue
親指;おやゆび;thumb
怪しい;あやしい;suspicious or dubious
怪しむ;あやしむ;suspect
軍;ぐん;army or troops
鋭い;するどい;pointed or acute
防ぐ;ふせぐ;prevent or defend
復活;ふっかつ;revival or rebirth
付近;ふきん;neighborhood or environs
手当て;てあて;allowance or medical care
人差し指;ひとさしゆび;index finger
限界;げんかい;boundary or limit
自慢;じまん;showing off
感心;かんしん;admiration
少々;しょうしょう;a little or a few
下品;げひん;vulgar or low
漫画;まんが;manga or comics
囲む;かこむ;enclose or encircle
食卓;しょくたく;dining table
元;もと;origin or source
電卓;でんたく;pocket calculator
歓迎;かんげい;welcome
医師;いし;doctor or physician
勧める;すすめる;suggest or recommend
焦る;あせる;feel pressured or feel hurried
焦げる;こげる;scorch or burn
英雄;えいゆう;hero
山脈;さんみゃく;mountain range
雄大;ゆうだい;grand or magnificent
正に;まさに;just or surely
獲得;かくとく;acquisition
収穫;しゅうかく;harvest or harvesting
幼稚;ようち;childish or infantile
稲;いね;rice plant
稼ぐ;かせぐ;earn or make money
学費;がくひ;school expenses or tuition
名称;めいしょう;name
秩序;ちつじょ;order or method
原稿用紙;げんこうようし;manuscript paper or writing pad
性質;せいしつ;nature or property
穏やか;おだやか;calm or mild
波;なみ;wave or fluctuations
隠す;かくす;hide or conceal
驚き;おどろき;surprise or amazement
お陰;おかげ;help or thanks to
陰;かげ;shade or behind the scenes
物陰;ものかげ;place behind something
魅力;みりょく;charm or attraction
塊;かたまり;lump or ingot
醜い;みにくい;ugly or bad-looking
卑しい;いやしい;mean or greedy
砕く;くだく;crush or smash
砕ける;くだける;be crushed or break down
基礎;きそ;basis or foundation
貝;かい;shellfish or shell
ぬるぬる;ぬるぬる;slimy
浜辺;はまべ;beach or seashore
賢い;かしこい;wise or smart
王様;おうさま;king
悪賢い;わるがしこい;cunning or sly
頻りに;しきりに;frequently or repeatedly
心理;しんり;mental state or psychology
決勝;けっしょう;final or final game
頑固;がんこ;stubborn or obstinate
ぴょんぴょん;ぴょんぴょん;jump or hop
あきれる;あきれる;be stunned in disappointment or disbelief
せいぜい;せいぜい;at most
祝い;いわい;celebration or congratulation
頂く;いただく;receive or eat
到達;とうたつ;arrival or attainment
頂上;ちょうじょう;summit or climax
見下ろす;みおろす;look down or overlook
マヨネーズ;マヨネーズ;mayonnaise
勢力;せいりょく;influence or power
学問;がくもん;learning or scholarship
青春;せいしゅん;youth
赤ん坊;あかんぼう;baby
秋分;しゅうぶん;autumnal equinox
春分;しゅんぶん;vernal equinox
不機嫌;ふきげん;bad mood or displeasure
近頃;ちかごろ;recently or nowadays
矛盾;むじゅん;contradiction
倉庫;そうこ;warehouse or storehouse
創立;そうりつ;establishment or organization
一斉に;いっせいに;all together or all at once
強力;きょうりょく;powerful
液体;えきたい;liquid or fluid
真剣;しんけん;serious or sincere
演じる;えんじる;perform or play
刑務所;けいむしょ;prison
刑事;けいじ;detective
罰金;ばっきん;fine or penalty
罰する;ばっする;punish
罰;ばつ;punishment or penalty
一般に;いっぱんに;generally or in general
老人;ろうじん;old person or elderly
楽しみ;たのしみ;pleasure or something looked forward to
物知り;ものしり;knowledgeable person or know-it-all
豆;まめ;bean or peas
煮る;にる;boil or cook
煮える;にえる;boil or be boiled
蒸し暑い;むしあつい;humid
強烈;きょうれつ;intense or severe
黙る;だまる;become silent or shut one's mouth
獣;けもの;beast or brute
税金;ぜいきん;tax
無駄;むだ;no good or pointless
無駄遣い;むだづかい;wasting money
応援;おうえん;support or cheering
駆ける;かける;gallop or run quickly
駆け足;かけあし;gallop or run
気体;きたい;gas or vapor
沸騰;ふっとう;boiling
丘;おか;hill or slope
見渡す;みわたす;look out over
民間;みんかん;citizens or civilians
返却;へんきゃく;return
官庁;かんちょう;government office
県庁;けんちょう;prefectural office
庁;ちょう;public office or agency
都庁;とちょう;Tokyo Metropolitan City Hall
府庁;ふちょう;urban prefectural office
栄養;えいよう;nutrition or nourishment
洗剤;せんざい;detergent or cleanser
ペンキ;ペンキ;paint
つるつる;つるつる;smooth or slippery
生じる;しょうじる;happen or cause
擦る;こする;rub or strike
摩擦;まさつ;friction or rubbing
汗;あせ;sweat
額;ひたい;forehead or brow
びっしょり;びっしょり;soaked
てのひら;てのひら;palm
軸;じく;axis
後輩;こうはい;one's junior
先輩;せんぱい;senior or superior
製作;せいさく;manufacture or production
香り;かおり;perfume or fragrance
香水;こうすい;perfume
あえて;あえて;boldly
冒険;ぼうけん;adventure or risk
合唱;がっしょう;chorus
かえる;かえる;frog
結晶;けっしょう;crystallization
人格;じんかく;character or personality
敬う;うやまう;respect or honor
座敷;ざしき;drawing room or Japanese-style room
敷金;しききん;deposit or key money
取り敢えず;とりあえず;for now or first of all
消防;しょうぼう;fire fighting or fire prevention
勇気;ゆうき;courage or nerve
勇敢;ゆうかん;brave or heroic
劣る;おとる;be inferior to or be worse than
励ます;はげます;encourage or urge
わく;わく;well up
実は;じつは;actually
勘定;かんじょう;check or tab
勘;かん;sense or intuition
勘違い;かんちがい;misunderstanding
ごろごろ;ごろごろ;rumble
霧;きり;fog or mist
開ける;ひらける;widen or develop
霜;しも;frost
露;つゆ;dew or dewdrop
零下;れいか;below zero or sub-zero
雰囲気;ふんいき;atmosphere or mood
和らげる;やわらげる;soften or relieve
盆地;ぼんち;valley or basin
盆;ぼん;Bon Festival
盆;ぼん;tray
解散;かいさん;breakup or dissolution
公衆;こうしゅう;the public
衆議院;しゅうぎいん;House of Representatives or Lower House
観衆;かんしゅう;audience
群衆;ぐんしゅう;the masses or multitude
大衆;たいしゅう;the masses or the populace
どっと;どっと;burst (out laughing)
暑中見舞い;しょちゅうみまい;summer greeting
お仕舞い;おしまい;finished or over
舞台;ぶたい;stage or setting
見舞う;みまう;visit someone
見舞い;みまい;personal visit
ひらりと;ひらりと;lightly or delicately
軽快;けいかい;light or cheerful
リード;リード;the lead or take a lead
盆踊り;ぼんおどり;Bon Festival dance
海洋;かいよう;ocean or sea
ブレーキ;ブレーキ;brake
跳ねる;はねる;leap or hop or bound
金銭;きんせん;money or cash
銭湯;せんとう;public bath or bathhouse
古里;ふるさと;hometown or birthplace
児童;じどう;child or juvenile
図書;としょ;books
埋める;うめる;bury or fill up
埋める;うずめる;bury or fill in
墨;すみ;black ink
講堂;こうどう;lecture hall or auditorium
セルフサービス;セルフサービス;self-service
決意;けつい;resolution or determination
奨学金;しょうがくきん;scholarship or fellowship
狂う;くるう;become insane or get out of order
瞬間;しゅんかん;instant or moment
障子;しょうじ;paper sliding-door
転がる;ころがる;roll over or tumble
くるくる;くるくる;round and round or spin
雄;おす;male
可愛がる;かわいがる;love or cherish
眺める;ながめる;look out or gaze
線路;せんろ;line or track
横切る;よこぎる;cross or go across
塀;へい;fence or wall
名付ける;なづける;name or give a name to
百科事典;ひゃっかじてん;encyclopedia
飛び下りる;とびおりる;jump off or jump down
雌;めす;female
猿;さる;monkey or ape
ジャンプ;ジャンプ;jump
ぶら下がる;ぶらさがる;hang down or dangle
狙う;ねらう;aim or be after
地獄;じごく;hell or inferno
章;しょう;chapter
目次;もくじ;table of contents
彫る;ほる;engrave or carve
車輪;しゃりん;wheel
頑丈;がんじょう;solid or strong
生まれつき;うまれつき;born or by nature
服装;ふくそう;clothes or garments
中央;ちゅうおう;center
双子;ふたご;twins
恐れ;おそれ;fear or risk
役人;やくにん;government official
牧場;ぼくじょう;stock farm or pasture
寄る;よる;stop by or stop off
年中;ねんじゅう;all year
祈る;いのる;pray or wish for
裸;はだか;naked body or bareness
襟;えり;collar or lapel
心臓;しんぞう;heart
戦場;せんじょう;battlefield or front
戦死;せんし;death in war
先祖;せんぞ;forefather or ancestor
親戚;しんせき;a relative
市外;しがい;city outskirts or suburbs
白髪;しらが;white hair or gray hair
仮名遣い;かなづかい;kana orthography or use of kana
がん;がん;cancer
抱く;だく;hug or embrace
墓;はか;grave or gravestone
大正;たいしょう;Taisho era
明治;めいじ;Meiji era
祖先;そせん;ancestor or forefather
粗筋;あらすじ;outline or plot
酢;す;vinegar
報酬;ほうしゅう;remuneration or reward
郊外;こうがい;suburbs or outskirts
近郊;きんこう;suburbs or outskirts
学園;がくえん;educational institution or school
初期;しょき;early days or initial
邪魔;じゃま;hindrance or obstruction
くしゃみ;くしゃみ;sneeze
無邪気;むじゃき;innocence or simplicity
つかまる;つかまる;grip or grab
だるい;だるい;be dull or feel dull or weary
大概;たいがい;generally or probably
手洗い;てあらい;toilet or washstand
刻む;きざむ;cut fine
模様;もよう;pattern or design
フライパン;フライパン;frying pan
玉ねぎ;たまねぎ;onion
玉;たま;bead or ball
銅;どう;copper
象徴;しょうちょう;symbol or symbolize
天皇;てんのう;emperor
浮かべる;うかべる;set afloat
班;はん;squad or group
召し上がる;めしあがる;eat or drink
学ぶ;まなぶ;learn or study
哲学;てつがく;philosophy
改善;かいぜん;improvement or amelioration
親善;しんぜん;goodwill or friendly relations
待遇;たいぐう;treatment or pay
綱;つな;rope or line
方面;ほうめん;direction
縄;なわ;rope or cord
縛る;しばる;bind or restrict
縫う;ぬう;sew or stitch
焦点;しょうてん;focus or focal point
絞る;しぼる;wring out or squeeze
紺;こん;dark blue or navy blue
朝顔;あさがお;morning glory
紅葉;こうよう;autumn leaves or crimson foliage
あちらこちら;あちらこちら;all over or here and there
クッキー;クッキー;cookie or biscuit
口紅;くちべに;lipstick or rouge
虹;にじ;rainbow
梅;うめ;plum blossom
梅干;うめぼし;pickled plum
じめじめ;じめじめ;feel damp or clammy
梅雨明け;つゆあけ;end of the rainy season
梅雨入り;つゆいり;start of the rainy season
解説;かいせつ;explanation or commentary
読者;どくしゃ;reader or subscriber
欄;らん;column or field
栓抜き;せんぬき;bottle opener or corkscrew
巣;す;nest or den
囲碁;いご;game of go
嘘つき;うそつき;liar
考慮;こうりょ;consideration or deliberation
癖;くせ;habit or mannerism
下痢;げり;diarrhea
越す;こす;go over or surmount
峠;とうげ;mountain pass or ridge
崩れる;くずれる;crumble or collapse
崖;がけ;cliff
ロープ;ロープ;rope
幸い;さいわい;happiness or good fortune
嵐;あらし;storm
たとえ;たとえ;even if or granting that
海峡;かいきょう;straits or channel
噂;うわさ;gossip or rumor
広まる;ひろまる;spread or be in general circulation
広める;ひろめる;spread or extend
わがまま;わがまま;selfishness or willfulness
田舎;いなか;country or countryside
校舎;こうしゃ;school building
歌声;うたごえ;singing voice
のどか;のどか;tranquil or peaceful
小雨;こさめ;drizzle
差す;さす;open (an umbrella)
柄;え;handle or grip
お嬢さん;おじょうさん;young lady or someone's daughter
婆さん;ばあさん;grandmother or old lady
娯楽;ごらく;amusement or pastime
裏門;うらもん;back gate
生涯;しょうがい;for life or lifetime
地;ち;ground or place
白菜;はくさい;nappa cabbage
漬け物;つけもの;pickle or pickled vegetable
潰す;つぶす;crush or smash
潰れる;つぶれる;crush
汽車;きしゃ;train
拡張;かくちょう;expansion or extension
印刷;いんさつ;printing
年賀;ねんが;New Year's card
賭ける;かける;bet or stake
連日;れんじつ;day after day or everyday
賑わう;にぎわう;bustle or enliven
ひねる;ひねる;twist or turn
蛇;へび;snake or serpent
蛍光灯;けいこうとう;fluorescent lamp
合図;あいず;signal or sign
車掌;しゃしょう;train conductor
芋;いも;potato or yam
菊;きく;chrysanthemum
華やか;はなやか;gorgeous or colorful
軽蔑;けいべつ;contempt or disdain
さっと;さっと;quickly or suddenly
議長;ぎちょう;chairman or president
学長;がくちょう;college president
にこやか;にこやか;smiling or beaming
閉会;へいかい;closing or adjournment
年始;ねんし;beginning of the year
中指;なかゆび;middle finger
挟む;はさむ;trap
揚げる;あげる;deep-fry
塔;とう;tower or pagoda
諦める;あきらめる;abandon or give up
誓う;ちかう;vow or swear
演奏;えんそう;musical performance
定期;ていき;fixed term or regular
包帯;ほうたい;bandage or dressing
撃つ;うつ;fire or shoot
支社;ししゃ;branch office
転勤;てんきん;transfer
府;ふ;urban prefecture
窮屈;きゅうくつ;tight or cramped
くっ付く;くっつく;stick or cling
ずらり;ずらり;line up neatly
かかと;かかと;heel
砂;すな;sand or grit
メーカー;メーカー;maker or manufacturer
予備;よび;reserve or spare
履物;はきもの;footwear
フルーツ;フルーツ;fruit
泥;どろ;mud or dirt
ほどく;ほどく;undo or unfasten
貨幣;かへい;money or currency
真珠;しんじゅ;pearl
慰める;なぐさめる;console or comfort
風呂場;ふろば;bathroom
へそ;へそ;the navel or the bellybutton
足音;あしおと;sound of footsteps
故郷;こきょう;hometown or birthplace
べたべた;べたべた;stick together
晩年;ばんねん;late in life
朗らか;ほがらか;cheerful or bright
枯れる;かれる;wither or die
花瓶;かびん;flower vase
空;から;emptiness or hollow
向き;むき;direction or turn
揃える;そろえる;align or make uniform
一旦;いったん;once or for a while
乞食;こじき;beggar
空中;くうちゅう;in the air or in the sky
網;あみ;net or netting
捕まえる;つかまえる;arrest or capture
蝶蝶;ちょうちょう;butterfly
寿命;じゅみょう;life span
亀;かめ;turtle or tortoise
羨ましい;うらやましい;envious or envy
ぱんだ;ぱんだ;panda
漕ぐ;こぐ;row
ウナギ;ウナギ;eel
鳩;はと;pigeon or dove
襲う;おそう;raid or attack
雛祭り;ひなまつり;Doll Festival
稽古;けいこ;practice or learning
商売;しょうばい;trade or business
歌舞伎;かぶき;kabuki
物凄い;ものすごい;tremendous
囁く;ささやく;whisper
咳;せき;cough
治まる;おさまる;settle down or be cured
喉;のど;the throat
唾;つば;saliva or spittle
吠える;ほえる;bark or bay
吊るす;つるす;hang
噛み付く;かみつく;bite at
きゅうり;きゅうり;cucumber
漬ける;つける;pickle or marinade
味噌;みそ;miso or soybean paste
思わず;おもわず;unintentionally or unconsciously
思いやり;おもいやり;thoughtfulness or kindness
お目に掛かる;おめにかかる;meet or have the honor of seeing
もしも;もしも;if or if ever
大して;たいして;very or greatly
どんなに;どんなに;how much
塞がる;ふさがる;close up
塞ぐ;ふさぐ;close or shut
屑;くず;waste or scraps
紙屑;かみくず;wastepaper
掻く;かく;scratch
掻き回す;かきまわす;stir up or agitate
祈り;いのり;prayer
撫でる;なでる;stroke or pat
卑怯;ひきょう;cowardice or meanness
憧れ;あこがれ;yearning or longing
憧れる;あこがれる;yearn after or adore
めでたい;めでたい;happy or fortunate
溺れる;おぼれる;drown or be drowned
御無沙汰;ごぶさた;be out of touch
汲む;くむ;collect or scoop up
バケツ;バケツ;bucket
溜め息;ためいき;sigh
溜まる;たまる;accumulate or store up
溜める;ためる;store or collect
伝染;でんせん;contagion or infection
苛め;いじめ;bullying
苛める;いじめる;ill-treat or abuse
遥か;はるか;far or distant
のぞく;のぞく;look or peep
曖昧;あいまい;ambiguous or vague
大晦日;おおみそか;new year's eve
股;また;crotch or groin
臆病;おくびょう;cowardice or timidity
車椅子;くるまいす;wheelchair
がたがた;がたがた;rattle
よける;よける;move out the way
渋い;しぶい;bitter or astringent
柿;かき;persimmon or persimmon tree
焚く;たく;start a fire
明瞭;めいりょう;clear or plain
眉;まゆ;eyebrow
眉毛;まゆげ;eyebrows
湯飲み;ゆのみ;teacup
割り箸;わりばし;disposable chopsticks
蛋白質;たんぱくしつ;protein
蜂;はち;bee
頂戴;ちょうだい;getting or receiving
元日;がんじつ;New Year's Day
初詣で;はつもうで;first shrine visit of the new year
お詫び;おわび;apologize
詫びる;わびる;apologize
刺さる;ささる;stick or be stuck
裂ける;さける;split or tear
釘;くぎ;nail or spike
錆びる;さびる;rust or get rusty
重たい;おもたい;heavy
餅;もち;rice cake
思い込む;おもいこむ;assume or believe
悪女;あくじょ;wicked woman or villainess
騙す;だます;deceive or cheat
親子;おやこ;parent and child
爽やか;さわやか;refreshing or clear
雀;すずめ;sparrow
お年玉;おとしだま;New Year's gift
甥;おい;nephew
便箋;びんせん;letter paper or stationery
嗅ぐ;かぐ;smell or sniff
炒める;いためる;stir-fry